{"cameraMode":{"drawMode":0,"name":"Shaded","section":"Shading Mode"},"sceneLighting":false,"audioPlay":false,"sceneViewState":{"m_AlwaysRefresh":false,"showFog":true,"showSkybox":false,"showFlares":true,"showImageEffects":true,"showParticleSystems":true,"showVisualEffectGraphs":true,"m_FxEnabled":true},"in2DMode":false,"pivot":{"x":-0.8642062544822693,"y":0.5469020009040833,"z":-2.2454354763031008},"rotation":{"x":0.06185729801654816,"y":-0.08255049586296082,"z":0.005134144797921181,"w":0.9946554899215698},"size":2.8277242183685304,"orthographic":false}